count,id
3390,1
1442,2
1440,3
1237,4
544,5
299,6
245,7
230,8
220,9
205,10
198,11
179,12
157,13
152,14
151,15
148,16
146,17
131,18
119,19
114,20
111,21
104,22
104,23
96,24
88,25
87,26
84,27
75,28
66,29
66,30
65,31
64,32
63,33
60,34
59,35
59,36
53,37
50,38
50,39
48,40
48,41
47,42
46,43
45,44
45,45
44,46
44,47
43,48
41,49
41,50
40,51
40,52
40,53
40,54
39,55
39,56
37,57
37,58
37,59
36,60
35,61
34,62
34,63
33,64
31,65
30,66
30,67
30,68
30,69
30,70
30,71
29,72
29,73
29,74
28,75
28,76
28,77
28,78
28,79
28,80
28,81
28,82
28,83
27,84
27,85
27,86
26,87
26,88
26,89
26,90
26,91
25,92
25,93
25,94
24,95
24,96
24,97
24,98
23,99
23,100
23,101
23,102
22,103
22,104
22,105
22,106
22,107
21,108
21,109
21,110
21,111
21,112
21,113
21,114
21,115
20,116
20,117
19,118
19,119
19,120
19,121
18,122
18,123
18,124
18,125
18,126
18,127
18,128
17,129
17,130
17,131
17,132
17,133
17,134
17,135
17,136
17,137
17,138
17,139
16,140
16,141
16,142
16,143
16,144
16,145
16,146
16,147
16,148
16,149
16,150
16,151
16,152
15,153
15,154
15,155
15,156
15,157
15,158
15,159
15,160
15,161
15,162
15,163
15,164
15,165
14,166
14,167
14,168
14,169
14,170
14,171
14,172
14,173
14,174
14,175
14,176
14,177
14,178
14,179
14,180
14,181
14,182
13,183
13,184
13,185
13,186
13,187
13,188
13,189
13,190
13,191
13,192
13,193
13,194
13,195
13,196
13,197
13,198
13,199
13,200
13,201
13,202
12,203
12,204
12,205
12,206
12,207
12,208
12,209
12,210
12,211
12,212
12,213
12,214
12,215
12,216
12,217
12,218
12,219
12,220
12,221
11,222
11,223
11,224
11,225
11,226
11,227
11,228
11,229
11,230
11,231
11,232
11,233
11,234
11,235
11,236
11,237
11,238
11,239
10,240
10,241
10,242
10,243
10,244
10,245
10,246
10,247
10,248
10,249
10,250
10,251
10,252
10,253
10,254
10,255
10,256
10,257
10,258
10,259
10,260
10,261
10,262
10,263
10,264
10,265
10,266
10,267
10,268
10,269
10,270
10,271
10,272
10,273
9,274
9,275
9,276
9,277
9,278
9,279
9,280
9,281
9,282
9,283
9,284
9,285
9,286
9,287
9,288
9,289
9,290
9,291
9,292
9,293
9,294
9,295
9,296
9,297
9,298
9,299
9,300
9,301
9,302
9,303
9,304
9,305
9,306
9,307
9,308
9,309
8,310
8,311
8,312
8,313
8,314
8,315
8,316
8,317
8,318
8,319
8,320
8,321
8,322
8,323
8,324
8,325
8,326
8,327
8,328
8,329
8,330
8,331
8,332
8,333
8,334
8,335
8,336
8,337
8,338
8,339
8,340
8,341
8,342
8,343
8,344
8,345
8,346
8,347
8,348
8,349
8,350
8,351
8,352
8,353
8,354
8,355
8,356
8,357
8,358
7,359
7,360
7,361
7,362
7,363
7,364
7,365
7,366
7,367
7,368
7,369
7,370
7,371
7,372
7,373
7,374
7,375
7,376
7,377
7,378
7,379
7,380
7,381
7,382
7,383
7,384
7,385
7,386
7,387
7,388
7,389
7,390
7,391
7,392
7,393
7,394
7,395
7,396
7,397
7,398
7,399
7,400
7,401
7,402
7,403
7,404
7,405
7,406
7,407
7,408
7,409
7,410
7,411
7,412
7,413
7,414
7,415
7,416
7,417
7,418
7,419
7,420
7,421
7,422
7,423
7,424
7,425
6,426
6,427
6,428
6,429
6,430
6,431
6,432
6,433
6,434
6,435
6,436
6,437
6,438
6,439
6,440
6,441
6,442
6,443
6,444
6,445
6,446
6,447
6,448
6,449
6,450
6,451
6,452
6,453
6,454
6,455
6,456
6,457
6,458
6,459
6,460
6,461
6,462
6,463
6,464
6,465
6,466
6,467
6,468
6,469
6,470
6,471
6,472
6,473
6,474
6,475
6,476
6,477
6,478
6,479
6,480
6,481
6,482
6,483
6,484
6,485
6,486
6,487
6,488
6,489
6,490
6,491
6,492
6,493
6,494
6,495
6,496
6,497
6,498
6,499
6,500
6,501
6,502
6,503
6,504
6,505
6,506
6,507
6,508
6,509
6,510
6,511
6,512
6,513
6,514
6,515
5,516
5,517
5,518
5,519
5,520
5,521
5,522
5,523
5,524
5,525
5,526
5,527
5,528
5,529
5,530
5,531
5,532
5,533
5,534
5,535
5,536
5,537
5,538
5,539
5,540
5,541
5,542
5,543
5,544
5,545
5,546
5,547
5,548
5,549
5,550
5,551
5,552
5,553
5,554
5,555
5,556
5,557
5,558
5,559
5,560
5,561
5,562
5,563
5,564
5,565
5,566
5,567
5,568
5,569
5,570
5,571
5,572
5,573
5,574
5,575
5,576
5,577
5,578
5,579
5,580
5,581
5,582
5,583
5,584
5,585
5,586
5,587
5,588
5,589
5,590
5,591
5,592
5,593
5,594
5,595
5,596
5,597
5,598
5,599
5,600
5,601
5,602
5,603
5,604
5,605
5,606
5,607
5,608
5,609
5,610
5,611
5,612
5,613
5,614
5,615
5,616
5,617
5,618
5,619
5,620
5,621
5,622
5,623
5,624
5,625
5,626
5,627
5,628
5,629
5,630
5,631
5,632
5,633
5,634
5,635
5,636
4,637
4,638
4,639
4,640
4,641
4,642
4,643
4,644
4,645
4,646
4,647
4,648
4,649
4,650
4,651
4,652
4,653
4,654
4,655
4,656
4,657
4,658
4,659
4,660
4,661
4,662
4,663
4,664
4,665
4,666
4,667
4,668
4,669
4,670
4,671
4,672
4,673
4,674
4,675
4,676
4,677
4,678
4,679
4,680
4,681
4,682
4,683
4,684
4,685
4,686
4,687
4,688
4,689
4,690
4,691
4,692
4,693
4,694
4,695
4,696
4,697
4,698
4,699
4,700
4,701
4,702
4,703
4,704
4,705
4,706
4,707
4,708
4,709
4,710
4,711
4,712
4,713
4,714
4,715
4,716
4,717
4,718
4,719
4,720
4,721
4,722
4,723
4,724
4,725
4,726
4,727
4,728
4,729
4,730
4,731
4,732
4,733
4,734
4,735
4,736
4,737
4,738
4,739
4,740
4,741
4,742
4,743
4,744
4,745
4,746
4,747
4,748
4,749
4,750
4,751
4,752
4,753
4,754
4,755
4,756
4,757
4,758
4,759
4,760
4,761
4,762
4,763
4,764
4,765
4,766
4,767
4,768
4,769
4,770
4,771
4,772
4,773
4,774
4,775
4,776
4,777
4,778
4,779
4,780
4,781
4,782
4,783
4,784
4,785
4,786
4,787
4,788
4,789
4,790
4,791
4,792
4,793
4,794
4,795
4,796
4,797
4,798
4,799
4,800
4,801
4,802
4,803
4,804
4,805
4,806
4,807
4,808
4,809
4,810
4,811
4,812
4,813
4,814
4,815
4,816
4,817
4,818
4,819
4,820
4,821
4,822
4,823
4,824
4,825
4,826
4,827
4,828
4,829
4,830
4,831
4,832
4,833
4,834
4,835
4,836
4,837
4,838
4,839
4,840
4,841
4,842
4,843
4,844
4,845
4,846
4,847
4,848
4,849
4,850
4,851
4,852
4,853
4,854
4,855
4,856
4,857
4,858
4,859
4,860
4,861
4,862
4,863
4,864
4,865
4,866
4,867
4,868
4,869
4,870
4,871
4,872
4,873
4,874
4,875
4,876
4,877
4,878
4,879
4,880
4,881
4,882
4,883
4,884
4,885
4,886
4,887
4,888
3,889
3,890
3,891
3,892
3,893
3,894
3,895
3,896
3,897
3,898
3,899
3,900
3,901
3,902
3,903
3,904
3,905
3,906
3,907
3,908
3,909
3,910
3,911
3,912
3,913
3,914
3,915
3,916
3,917
3,918
3,919
3,920
3,921
3,922
3,923
3,924
3,925
3,926
3,927
3,928
3,929
3,930
3,931
3,932
3,933
3,934
3,935
3,936
3,937
3,938
3,939
3,940
3,941
3,942
3,943
3,944
3,945
3,946
3,947
3,948
3,949
3,950
3,951
3,952
3,953
3,954
3,955
3,956
3,957
3,958
3,959
3,960
3,961
3,962
3,963
3,964
3,965
3,966
3,967
3,968
3,969
3,970
3,971
3,972
3,973
3,974
3,975
3,976
3,977
3,978
3,979
3,980
3,981
3,982
3,983
3,984
3,985
3,986
3,987
3,988
3,989
3,990
3,991
3,992
3,993
3,994
3,995
3,996
3,997
3,998
3,999
3,1000
3,1001
3,1002
3,1003
3,1004
3,1005
3,1006
3,1007
3,1008
3,1009
3,1010
3,1011
3,1012
3,1013
3,1014
3,1015
3,1016
3,1017
3,1018
3,1019
3,1020
3,1021
3,1022
3,1023
3,1024
3,1025
3,1026
3,1027
3,1028
3,1029
3,1030
3,1031
3,1032
3,1033
3,1034
3,1035
3,1036
3,1037
3,1038
3,1039
3,1040
3,1041
3,1042
3,1043
3,1044
3,1045
3,1046
3,1047
3,1048
3,1049
3,1050
3,1051
3,1052
3,1053
3,1054
3,1055
3,1056
3,1057
3,1058
3,1059
3,1060
3,1061
3,1062
3,1063
3,1064
3,1065
3,1066
3,1067
3,1068
3,1069
3,1070
3,1071
3,1072
3,1073
3,1074
3,1075
3,1076
3,1077
3,1078
3,1079
3,1080
3,1081
3,1082
3,1083
3,1084
3,1085
3,1086
3,1087
3,1088
3,1089
3,1090
3,1091
3,1092
3,1093
3,1094
3,1095
3,1096
3,1097
3,1098
3,1099
3,1100
3,1101
3,1102
3,1103
3,1104
3,1105
3,1106
3,1107
3,1108
3,1109
3,1110
3,1111
3,1112
3,1113
3,1114
3,1115
3,1116
3,1117
3,1118
3,1119
3,1120
3,1121
3,1122
3,1123
3,1124
3,1125
3,1126
3,1127
3,1128
3,1129
3,1130
3,1131
3,1132
3,1133
3,1134
3,1135
3,1136
3,1137
3,1138
3,1139
3,1140
3,1141
3,1142
3,1143
3,1144
3,1145
3,1146
3,1147
3,1148
3,1149
3,1150
3,1151
3,1152
3,1153
3,1154
3,1155
3,1156
3,1157
3,1158
3,1159
3,1160
3,1161
3,1162
3,1163
3,1164
3,1165
3,1166
3,1167
3,1168
3,1169
3,1170
3,1171
3,1172
3,1173
3,1174
3,1175
3,1176
3,1177
3,1178
3,1179
3,1180
3,1181
3,1182
3,1183
3,1184
3,1185
3,1186
3,1187
3,1188
3,1189
3,1190
3,1191
3,1192
3,1193
3,1194
3,1195
3,1196
3,1197
3,1198
3,1199
3,1200
3,1201
3,1202
3,1203
3,1204
3,1205
3,1206
3,1207
3,1208
3,1209
3,1210
3,1211
3,1212
3,1213
3,1214
3,1215
3,1216
3,1217
3,1218
3,1219
3,1220
3,1221
3,1222
3,1223
3,1224
3,1225
3,1226
3,1227
3,1228
3,1229
3,1230
3,1231
3,1232
3,1233
3,1234
3,1235
3,1236
3,1237
3,1238
3,1239
3,1240
3,1241
3,1242
3,1243
3,1244
3,1245
3,1246
3,1247
3,1248
3,1249
3,1250
3,1251
3,1252
3,1253
3,1254
3,1255
3,1256
3,1257
3,1258
3,1259
3,1260
3,1261
3,1262
3,1263
3,1264
3,1265
3,1266
3,1267
3,1268
3,1269
3,1270
3,1271
3,1272
3,1273
3,1274
3,1275
3,1276
3,1277
3,1278
3,1279
3,1280
3,1281
3,1282
3,1283
3,1284
3,1285
3,1286
3,1287
3,1288
3,1289
3,1290
3,1291
3,1292
3,1293
3,1294
3,1295
3,1296
3,1297
3,1298
3,1299
3,1300
3,1301
3,1302
3,1303
3,1304
3,1305
3,1306
2,1307
2,1308
2,1309
2,1310
2,1311
2,1312
2,1313
2,1314
2,1315
2,1316
2,1317
2,1318
2,1319
2,1320
2,1321
2,1322
2,1323
2,1324
2,1325
2,1326
2,1327
2,1328
2,1329
2,1330
2,1331
2,1332
2,1333
2,1334
2,1335
2,1336
2,1337
2,1338
2,1339
2,1340
2,1341
2,1342
2,1343
2,1344
2,1345
2,1346
2,1347
2,1348
2,1349
2,1350
2,1351
2,1352
2,1353
2,1354
2,1355
2,1356
2,1357
2,1358
2,1359
2,1360
2,1361
2,1362
2,1363
2,1364
2,1365
2,1366
2,1367
2,1368
2,1369
2,1370
2,1371
2,1372
2,1373
2,1374
2,1375
2,1376
2,1377
2,1378
2,1379
2,1380
2,1381
2,1382
2,1383
2,1384
2,1385
2,1386
2,1387
2,1388
2,1389
2,1390
2,1391
2,1392
2,1393
2,1394
2,1395
2,1396
2,1397
2,1398
2,1399
2,1400
2,1401
2,1402
2,1403
2,1404
2,1405
2,1406
2,1407
2,1408
2,1409
2,1410
2,1411
2,1412
2,1413
2,1414
2,1415
2,1416
2,1417
2,1418
2,1419
2,1420
2,1421
2,1422
2,1423
2,1424
2,1425
2,1426
2,1427
2,1428
2,1429
2,1430
2,1431
2,1432
2,1433
2,1434
2,1435
2,1436
2,1437
2,1438
2,1439
2,1440
2,1441
2,1442
2,1443
2,1444
2,1445
2,1446
2,1447
2,1448
2,1449
2,1450
2,1451
2,1452
2,1453
2,1454
2,1455
2,1456
2,1457
2,1458
2,1459
2,1460
2,1461
2,1462
2,1463
2,1464
2,1465
2,1466
2,1467
2,1468
2,1469
2,1470
2,1471
2,1472
2,1473
2,1474
2,1475
2,1476
2,1477
2,1478
2,1479
2,1480
2,1481
2,1482
2,1483
2,1484
2,1485
2,1486
2,1487
2,1488
2,1489
2,1490
2,1491
2,1492
2,1493
2,1494
2,1495
2,1496
2,1497
2,1498
2,1499
2,1500
2,1501
2,1502
2,1503
2,1504
2,1505
2,1506
2,1507
2,1508
2,1509
2,1510
2,1511
2,1512
2,1513
2,1514
2,1515
2,1516
2,1517
2,1518
2,1519
2,1520
2,1521
2,1522
2,1523
2,1524
2,1525
2,1526
2,1527
2,1528
2,1529
2,1530
2,1531
2,1532
2,1533
2,1534
2,1535
2,1536
2,1537
2,1538
2,1539
2,1540
2,1541
2,1542
2,1543
2,1544
2,1545
2,1546
2,1547
2,1548
2,1549
2,1550
2,1551
2,1552
2,1553
2,1554
2,1555
2,1556
2,1557
2,1558
2,1559
2,1560
2,1561
2,1562
2,1563
2,1564
2,1565
2,1566
2,1567
2,1568
2,1569
2,1570
2,1571
2,1572
2,1573
2,1574
2,1575
2,1576
2,1577
2,1578
2,1579
2,1580
2,1581
2,1582
2,1583
2,1584
2,1585
2,1586
2,1587
2,1588
2,1589
2,1590
2,1591
2,1592
2,1593
2,1594
2,1595
2,1596
2,1597
2,1598
2,1599
2,1600
2,1601
2,1602
2,1603
2,1604
2,1605
2,1606
2,1607
2,1608
2,1609
2,1610
2,1611
2,1612
2,1613
2,1614
2,1615
2,1616
2,1617
2,1618
2,1619
2,1620
2,1621
2,1622
2,1623
2,1624
2,1625
2,1626
2,1627
2,1628
2,1629
2,1630
2,1631
2,1632
2,1633
2,1634
2,1635
2,1636
2,1637
2,1638
2,1639
2,1640
2,1641
2,1642
2,1643
2,1644
2,1645
2,1646
2,1647
2,1648
2,1649
2,1650
2,1651
2,1652
2,1653
2,1654
2,1655
2,1656
2,1657
2,1658
2,1659
2,1660
2,1661
2,1662
2,1663
2,1664
2,1665
2,1666
2,1667
2,1668
2,1669
2,1670
2,1671
2,1672
2,1673
2,1674
2,1675
2,1676
2,1677
2,1678
2,1679
2,1680
2,1681
2,1682
2,1683
2,1684
2,1685
2,1686
2,1687
2,1688
2,1689
2,1690
2,1691
2,1692
2,1693
2,1694
2,1695
2,1696
2,1697
2,1698
2,1699
2,1700
2,1701
2,1702
2,1703
2,1704
2,1705
2,1706
2,1707
2,1708
2,1709
2,1710
2,1711
2,1712
2,1713
2,1714
2,1715
2,1716
2,1717
2,1718
2,1719
2,1720
2,1721
2,1722
2,1723
2,1724
2,1725
2,1726
2,1727
2,1728
2,1729
2,1730
2,1731
2,1732
2,1733
2,1734
2,1735
2,1736
2,1737
2,1738
2,1739
2,1740
2,1741
2,1742
2,1743
2,1744
2,1745
2,1746
2,1747
2,1748
2,1749
2,1750
2,1751
2,1752
2,1753
2,1754
2,1755
2,1756
2,1757
2,1758
2,1759
2,1760
2,1761
2,1762
2,1763
2,1764
2,1765
2,1766
2,1767
2,1768
2,1769
2,1770
2,1771
2,1772
2,1773
2,1774
2,1775
2,1776
2,1777
2,1778
2,1779
2,1780
2,1781
2,1782
2,1783
2,1784
2,1785
2,1786
2,1787
2,1788
2,1789
2,1790
2,1791
2,1792
2,1793
2,1794
2,1795
2,1796
2,1797
2,1798
2,1799
2,1800
2,1801
2,1802
2,1803
2,1804
2,1805
2,1806
2,1807
2,1808
2,1809
2,1810
2,1811
2,1812
2,1813
2,1814
2,1815
2,1816
2,1817
2,1818
2,1819
2,1820
2,1821
2,1822
2,1823
2,1824
2,1825
2,1826
2,1827
2,1828
2,1829
2,1830
2,1831
2,1832
2,1833
2,1834
2,1835
2,1836
2,1837
2,1838
2,1839
2,1840
2,1841
2,1842
2,1843
2,1844
2,1845
2,1846
2,1847
2,1848
2,1849
2,1850
2,1851
2,1852
2,1853
2,1854
2,1855
2,1856
2,1857
2,1858
2,1859
2,1860
2,1861
2,1862
2,1863
2,1864
2,1865
2,1866
2,1867
2,1868
2,1869
2,1870
2,1871
2,1872
2,1873
2,1874
2,1875
2,1876
2,1877
2,1878
2,1879
2,1880
2,1881
2,1882
2,1883
2,1884
2,1885
2,1886
2,1887
2,1888
2,1889
2,1890
2,1891
2,1892
2,1893
2,1894
2,1895
2,1896
2,1897
2,1898
2,1899
2,1900
2,1901
2,1902
2,1903
2,1904
2,1905
2,1906
2,1907
2,1908
2,1909
2,1910
2,1911
2,1912
2,1913
2,1914
2,1915
2,1916
2,1917
2,1918
2,1919
2,1920
2,1921
2,1922
2,1923
2,1924
2,1925
2,1926
2,1927
2,1928
2,1929
2,1930
2,1931
2,1932
2,1933
2,1934
2,1935
2,1936
2,1937
2,1938
2,1939
2,1940
2,1941
2,1942
2,1943
2,1944
2,1945
2,1946
2,1947
2,1948
2,1949
2,1950
2,1951
2,1952
2,1953
2,1954
2,1955
2,1956
2,1957
2,1958
2,1959
2,1960
2,1961
2,1962
2,1963
2,1964
2,1965
2,1966
2,1967
2,1968
2,1969
2,1970
2,1971
2,1972
2,1973
2,1974
2,1975
2,1976
2,1977
2,1978
2,1979
2,1980
2,1981
2,1982
2,1983
2,1984
2,1985
2,1986
2,1987
2,1988
2,1989
2,1990
2,1991
2,1992
2,1993
2,1994
2,1995
2,1996
2,1997
2,1998
2,1999
2,2000
2,2001
2,2002
2,2003
2,2004
2,2005
2,2006
2,2007
2,2008
2,2009
2,2010
2,2011
2,2012
2,2013
2,2014
2,2015
2,2016
2,2017
2,2018
2,2019
2,2020
2,2021
2,2022
2,2023
2,2024
2,2025
2,2026
2,2027
2,2028
2,2029
2,2030
2,2031
2,2032
2,2033
2,2034
2,2035
2,2036
2,2037
2,2038
2,2039
2,2040
2,2041
2,2042
2,2043
2,2044
2,2045
2,2046
2,2047
2,2048
2,2049
2,2050
2,2051
2,2052
2,2053
2,2054
2,2055
2,2056
2,2057
2,2058
2,2059
2,2060
2,2061
2,2062
2,2063
2,2064
2,2065
2,2066
2,2067
2,2068
2,2069
2,2070
2,2071
2,2072
2,2073
2,2074
2,2075
2,2076
2,2077
2,2078
2,2079
2,2080
2,2081
2,2082
2,2083
2,2084
2,2085
2,2086
2,2087
2,2088
2,2089
2,2090
2,2091
2,2092
2,2093
2,2094
2,2095
2,2096
2,2097
2,2098
2,2099
2,2100
2,2101
2,2102
2,2103
2,2104
2,2105
2,2106
2,2107
2,2108
2,2109
2,2110
2,2111
2,2112
2,2113
2,2114
2,2115
2,2116
2,2117
2,2118
2,2119
2,2120
2,2121
2,2122
2,2123
2,2124
2,2125
2,2126
2,2127
2,2128
2,2129
2,2130
2,2131
2,2132
2,2133
2,2134
2,2135
2,2136
2,2137
2,2138
2,2139
2,2140
2,2141
2,2142
2,2143
2,2144
2,2145
2,2146
2,2147
2,2148
2,2149
2,2150
2,2151
2,2152
2,2153
2,2154
2,2155
2,2156
2,2157
2,2158
2,2159
2,2160
2,2161
2,2162
2,2163
2,2164
2,2165
2,2166
2,2167
2,2168
2,2169
2,2170
2,2171
2,2172
2,2173
2,2174
2,2175
2,2176
2,2177
2,2178
2,2179
2,2180
2,2181
2,2182
2,2183
2,2184
2,2185
2,2186
2,2187
2,2188
2,2189
2,2190
2,2191
2,2192
2,2193
2,2194
2,2195
2,2196
2,2197
2,2198
2,2199
2,2200
2,2201
2,2202
2,2203
2,2204
2,2205
2,2206
2,2207
2,2208
2,2209
2,2210
2,2211
2,2212
2,2213
2,2214
2,2215
2,2216
2,2217
2,2218
2,2219
2,2220
2,2221
2,2222
2,2223
2,2224
2,2225
2,2226
2,2227
2,2228
2,2229
2,2230
2,2231
2,2232
2,2233
2,2234
2,2235
2,2236
2,2237
2,2238
2,2239
2,2240
1,2241
1,2242
1,2243
1,2244
1,2245
1,2246
1,2247
1,2248
1,2249
1,2250
1,2251
1,2252
1,2253
1,2254
1,2255
1,2256
1,2257
1,2258
1,2259
1,2260
1,2261
1,2262
1,2263
1,2264
1,2265
1,2266
1,2267
1,2268
1,2269
1,2270
1,2271
1,2272
1,2273
1,2274
1,2275
1,2276
1,2277
1,2278
1,2279
1,2280
1,2281
1,2282
1,2283
1,2284
1,2285
1,2286
1,2287
1,2288
1,2289
1,2290
1,2291
1,2292
1,2293
1,2294
1,2295
1,2296
1,2297
1,2298
1,2299
1,2300
1,2301
1,2302
1,2303
1,2304
1,2305
1,2306
1,2307
1,2308
1,2309
1,2310
1,2311
1,2312
1,2313
1,2314
1,2315
1,2316
1,2317
1,2318
1,2319
1,2320
1,2321
1,2322
1,2323
1,2324
1,2325
1,2326
1,2327
1,2328
1,2329
1,2330
1,2331
1,2332
1,2333
1,2334
1,2335
1,2336
1,2337
1,2338
1,2339
1,2340
1,2341
1,2342
1,2343
1,2344
1,2345
1,2346
1,2347
1,2348
1,2349
1,2350
1,2351
1,2352
1,2353
1,2354
1,2355
1,2356
1,2357
1,2358
1,2359
1,2360
1,2361
1,2362
1,2363
1,2364
1,2365
1,2366
1,2367
1,2368
1,2369
1,2370
1,2371
1,2372
1,2373
1,2374
1,2375
1,2376
1,2377
1,2378
1,2379
1,2380
1,2381
1,2382
1,2383
1,2384
1,2385
1,2386
1,2387
1,2388
1,2389
1,2390
1,2391
1,2392
1,2393
1,2394
1,2395
1,2396
1,2397
1,2398
1,2399
1,2400
1,2401
1,2402
1,2403
1,2404
1,2405
1,2406
1,2407
1,2408
1,2409
1,2410
1,2411
1,2412
1,2413
1,2414
1,2415
1,2416
1,2417
1,2418
1,2419
1,2420
1,2421
1,2422
1,2423
1,2424
1,2425
1,2426
1,2427
1,2428
1,2429
1,2430
1,2431
1,2432
1,2433
1,2434
1,2435
1,2436
1,2437
1,2438
1,2439
1,2440
1,2441
1,2442
1,2443
1,2444
1,2445
1,2446
1,2447
1,2448
1,2449
1,2450
1,2451
1,2452
1,2453
1,2454
1,2455
1,2456
1,2457
1,2458
1,2459
1,2460
1,2461
1,2462
1,2463
1,2464
1,2465
1,2466
1,2467
1,2468
1,2469
1,2470
1,2471
1,2472
1,2473
1,2474
1,2475
1,2476
1,2477
1,2478
1,2479
1,2480
1,2481
1,2482
1,2483
1,2484
1,2485
1,2486
1,2487
1,2488
1,2489
1,2490
1,2491
1,2492
1,2493
1,2494
1,2495
1,2496
1,2497
1,2498
1,2499
1,2500
1,2501
1,2502
1,2503
1,2504
1,2505
1,2506
1,2507
1,2508
1,2509
1,2510
1,2511
1,2512
1,2513
1,2514
1,2515
1,2516
1,2517
1,2518
1,2519
1,2520
1,2521
1,2522
1,2523
1,2524
1,2525
1,2526
1,2527
1,2528
1,2529
1,2530
1,2531
1,2532
1,2533
1,2534
1,2535
1,2536
1,2537
1,2538
1,2539
1,2540
1,2541
1,2542
1,2543
1,2544
1,2545
1,2546
1,2547
1,2548
1,2549
1,2550
1,2551
1,2552
1,2553
1,2554
1,2555
1,2556
1,2557
1,2558
1,2559
1,2560
1,2561
1,2562
1,2563
1,2564
1,2565
1,2566
1,2567
1,2568
1,2569
1,2570
1,2571
1,2572
1,2573
1,2574
1,2575
1,2576
1,2577
1,2578
1,2579
1,2580
1,2581
1,2582
1,2583
1,2584
1,2585
1,2586
1,2587
1,2588
1,2589
1,2590
1,2591
1,2592
1,2593
1,2594
1,2595
1,2596
1,2597
1,2598
1,2599
1,2600
1,2601
1,2602
1,2603
1,2604
1,2605
1,2606
1,2607
1,2608
1,2609
1,2610
1,2611
1,2612
1,2613
1,2614
1,2615
1,2616
1,2617
1,2618
1,2619
1,2620
1,2621
1,2622
1,2623
1,2624
1,2625
1,2626
1,2627
1,2628
1,2629
1,2630
1,2631
1,2632
1,2633
1,2634
1,2635
1,2636
1,2637
1,2638
1,2639
1,2640
1,2641
1,2642
1,2643
1,2644
1,2645
1,2646
1,2647
1,2648
1,2649
1,2650
1,2651
1,2652
1,2653
1,2654
1,2655
1,2656
1,2657
1,2658
1,2659
1,2660
1,2661
1,2662
1,2663
1,2664
1,2665
1,2666
1,2667
1,2668
1,2669
1,2670
1,2671
1,2672
1,2673
1,2674
1,2675
1,2676
1,2677
1,2678
1,2679
1,2680
1,2681
1,2682
1,2683
1,2684
1,2685
1,2686
1,2687
1,2688
1,2689
1,2690
1,2691
1,2692
1,2693
1,2694
1,2695
1,2696
1,2697
1,2698
1,2699
1,2700
1,2701
1,2702
1,2703
1,2704
1,2705
1,2706
1,2707
1,2708
1,2709
1,2710
1,2711
1,2712
1,2713
1,2714
1,2715
1,2716
1,2717
1,2718
1,2719
1,2720
1,2721
1,2722
1,2723
1,2724
1,2725
1,2726
1,2727
1,2728
1,2729
1,2730
1,2731
1,2732
1,2733
1,2734
1,2735
1,2736
1,2737
1,2738
1,2739
1,2740
1,2741
1,2742
1,2743
1,2744
1,2745
1,2746
1,2747
1,2748
1,2749
1,2750
1,2751
1,2752
1,2753
1,2754
1,2755
1,2756
1,2757
1,2758
1,2759
1,2760
1,2761
1,2762
1,2763
1,2764
1,2765
1,2766
1,2767
1,2768
1,2769
1,2770
1,2771
1,2772
1,2773
1,2774
1,2775
1,2776
1,2777
1,2778
1,2779
1,2780
1,2781
1,2782
1,2783
1,2784
1,2785
1,2786
1,2787
1,2788
1,2789
1,2790
1,2791
1,2792
1,2793
1,2794
1,2795
1,2796
1,2797
1,2798
1,2799
1,2800
1,2801
1,2802
1,2803
1,2804
1,2805
1,2806
1,2807
1,2808
1,2809
1,2810
1,2811
1,2812
1,2813
1,2814
1,2815
1,2816
1,2817
1,2818
1,2819
1,2820
1,2821
1,2822
1,2823
1,2824
1,2825
1,2826
1,2827
1,2828
1,2829
1,2830
1,2831
1,2832
1,2833
1,2834
1,2835
1,2836
1,2837
1,2838
1,2839
1,2840
1,2841
1,2842
1,2843
1,2844
1,2845
1,2846
1,2847
1,2848
1,2849
1,2850
1,2851
1,2852
1,2853
1,2854
1,2855
1,2856
1,2857
1,2858
1,2859
1,2860
1,2861
1,2862
1,2863
1,2864
1,2865
1,2866
1,2867
1,2868
1,2869
1,2870
1,2871
1,2872
1,2873
1,2874
1,2875
1,2876
1,2877
1,2878
1,2879
1,2880
1,2881
1,2882
1,2883
1,2884
1,2885
1,2886
1,2887
1,2888
1,2889
1,2890
1,2891
1,2892
1,2893
1,2894
1,2895
1,2896
1,2897
1,2898
1,2899
1,2900
1,2901
1,2902
1,2903
1,2904
1,2905
1,2906
1,2907
1,2908
1,2909
1,2910
1,2911
1,2912
1,2913
1,2914
1,2915
1,2916
1,2917
1,2918
1,2919
1,2920
1,2921
1,2922
1,2923
1,2924
1,2925
1,2926
1,2927
1,2928
1,2929
1,2930
1,2931
1,2932
1,2933
1,2934
1,2935
1,2936
1,2937
1,2938
1,2939
1,2940
1,2941
1,2942
1,2943
1,2944
1,2945
1,2946
1,2947
1,2948
1,2949
1,2950
1,2951
1,2952
1,2953
1,2954
1,2955
1,2956
1,2957
1,2958
1,2959
1,2960
1,2961
1,2962
1,2963
1,2964
1,2965
1,2966
1,2967
1,2968
1,2969
1,2970
1,2971
1,2972
1,2973
1,2974
1,2975
1,2976
1,2977
1,2978
1,2979
1,2980
1,2981
1,2982
1,2983
1,2984
1,2985
1,2986
1,2987
1,2988
1,2989
1,2990
1,2991
1,2992
1,2993
1,2994
1,2995
1,2996
1,2997
1,2998
1,2999
1,3000
1,3001
1,3002
1,3003
1,3004
1,3005
1,3006
1,3007
1,3008
1,3009
1,3010
1,3011
